Club_ID,Number_Of_Reviews,Payment_Required,Membership_Cost,Description,Image_URL
1,0,FALSE,58,We strive for higher education and the success of all underrepresented students at San Jose State University,http://www.books-not-bombs.com/content/images/schools/sjsu.png
2,2,FALSE,75,Accessibility Advocates is a club run by students with disabilities for students with disabilities,http://www.books-not-bombs.com/content/images/schools/sjsu.png
3,1,FALSE,88,This club is for those who want to learn a new way of exercise with a creative twist,http://www.books-not-bombs.com/content/images/schools/sjsu.png
4,2,FALSE,139,Empowering students at SJSU to raise mental health awareness,https://pbs.twimg.com/profile_images/651155903459123200/nepF6I32.jpg
5,0,FALSE,85,Studying and seeking for Truth through the Bible and genuine and open discussion upon it,http://www.books-not-bombs.com/content/images/schools/sjsu.png
6,2,TRUE,135,AIM provides opportunities for management students to further their professional development,http://www.sjsu.edu/cob/pics/AIMTealLogo.jpg
7,2,FALSE,119,Help educate students that are interested in pursuing or obtaining knowledge/experience related to the aerodynamics industry,http://www.books-not-bombs.com/content/images/schools/sjsu.png
8,1,FALSE,138,"To promote awareness, tolerance, and peace in issues relating to Afghanistan in San Jose State University",http://www.books-not-bombs.com/content/images/schools/sjsu.png
9,3,FALSE,112,"The African-American Business Club is a student-run organization aimed at creating an inclusive community of (African-American) students who will be able to thrive in the business world. We want to prepare our members to enter the business world, by involving them in projects and activities and providing a link between minority students and local companies.",http://www.sjsu.edu/cob/pics/African%20American%20Business%20Club.jpg
10,3,FALSE,138,The purpose of this organization is to be a source of information for students on their paths to graduation and beyond.,http://www.sjsu.edu/blackscholars/studentorgs/Black%20Grad%20Torch%20LOGO.jpg
11,1,TRUE,149,Bring together faculty and staff from across campus to develop concrete ways of supporting African American students at SJSU and addressing the achievement gap.,http://www.books-not-bombs.com/content/images/schools/sjsu.png
12,0,TRUE,95,AIESEC transforms youth into global leaders,http://aiesec.org/wp-content/uploads/2014/11/AIESEC-New-Logo1.png
13,0,TRUE,141,Develop quality leaders.,http://www.books-not-bombs.com/content/images/schools/sjsu.png
14,2,FALSE,89,Akbayan strives to increase the knowledge of the Pilipino/Pilipino-American culture and share the beauty of its heritage.,https://media.licdn.com/media/p/6/005/057/229/2fcc83d.png
15,2,TRUE,100,"The purposes of Alabaster House of Prayer are to gather students dedicated to prayer, Christian relationship, and relationships with Churches",http://www.books-not-bombs.com/content/images/schools/sjsu.png
16,3,FALSE,79,"Mostly just standup, but anything funny",http://www.books-not-bombs.com/content/images/schools/sjsu.png
17,2,FALSE,64,We offer THE best college experience for all San Jose State students and create memorable friendships for a lifetime.,http://www.sjsu.edu/getinvolved/pics/Alpha%20Epsilon%20Pi%20flag.gif
18,2,TRUE,55,To instill in the public mind a confidence in Aviation; To promote contacts between the students of Aviation and those engaged in the profession;,https://engineering.sjsu.edu/files/public/Org_Images/alpha_eta_rho.jpg
19,2,FALSE,144,"The purpose of Alpha Kappa Alpha Sorority is to cultivate and encourage high scholastic and ethical standards, to promote unity and friendship among college women,",https://greeklife.umich.edu/files/greeklife/AKAshield.png
20,2,FALSE,66,Fosters the making of successful leaders by assisting and challenging our members to reach their maximum potential.,https://pbs.twimg.com/profile_images/468504761226907648/7S1vqLqp.jpeg
21,2,TRUE,80,"Guided by the principles and lessons of the Katipunan, sealed in the tenets of Strength, Loyalty, Pride, Wisdom and Courage so we can achieve the noble goals of leadership, academic excellence, cultural awareness and social responsibility.",https://pbs.twimg.com/profile_images/1841517324/Crest.jpg
22,0,TRUE,108,"Pilipino-American sorority based on the history, traditions, and culture of the Philippines.",https://pbs.twimg.com/profile_images/1765076552/logo_400x400.jpg
23,2,FALSE,58,"The Omega Phi Chapter at San Jose State University was founded upon our 5 core values of Brotherhood, Unity, Service, Integrity and Knowledge.",http://alphakappapsi.net/view.image?Id=646
24,2,TRUE,82,To encourage a spirit of Fraternity and love among its members;,https://i1.wp.com/socawlege.com/wp-content/uploads/2016/02/Alpha-Omicron-Pi.jpg?resize=288%2C180
25,3,FALSE,62,"An international women's fraternity that focuses on the values of sisterhood, scholarship, service, leadership, loyalty, and character development.",https://pbs.twimg.com/profile_images/822272385822769152/4sdjDEqf.jpg
26,3,FALSE,92,N/A,http://www.sjsu.edu/getinvolved/pics/Alpha%20Phi%20Alpha%20flag.png
27,1,TRUE,69,To assemble college students in a national service fraternity in the fellowship of principles derived from the Scout Oath and Law of the Boy Scouts of America;,http://www.apocsulb.org/wp-content/uploads/2016/01/National-Alpha-Phi-Omega.png
28,3,TRUE,49,"The Purpose of Iota chapter is to foster a culture of academic excellence in the justice studies department at San Jose State University, promote community involvement and maintain alumni involvement in Chapter activities.",https://static.wixstatic.com/media/eb9333_1b740b212e6045d5b79ff3c94f840074.jpg
29,1,TRUE,35,"Recruits men with the goal of helping them reach the fullness of potential using its five virtues: Purity, Honor, Charity, Silence, and Patriotism.",http://alphasigmaphi.org/Websites/alphasigmaphihq/images/LETTERS-c.png
30,1,TRUE,51,"To affirm sound nursing standards and to promote the nursing profession through intellectual enrichment, personal growth and individual performance of its members to serve their communities while uniting them in a bond of friendship.",https://atdnursing.files.wordpress.com/2014/02/cropped-1392426_548866661849862_367703344_n.jpg
31,2,FALSE,135,"To bind men together in a brotherhood based upon eternal and immutable principles, with a bond as strong as right itself and as lasting as humanity",http://www.sjsu.edu/getinvolved/pics/Alpha%20Tau%20Omega%20mini%20banner.jpg
32,3,TRUE,85,"The purpose of an Alpha Xi Delta chapter shall be sincere development of character; high standards of scholarship; whole-hearted interest and involvement in college affairs; living in such a way that health, peace and harmony prevail; and a wholesome social life above reproach or criticism.",http://www.books-not-bombs.com/content/images/schools/sjsu.png
33,3,TRUE,75,Our goal is to provide a safe space for individuals who identify as non-monogamous and/or kinky and those who are interested in learning about these lifestyles.,http://www.books-not-bombs.com/content/images/schools/sjsu.png
34,1,TRUE,58,"To provide a resource for emergency communications to SJSU and the community, to train operators and test equipment and procedures by having drills and encouraging use of radios, to assist members in obtaining Amateur Radio licenses and equipment",http://www.books-not-bombs.com/content/images/schools/sjsu.png
35,3,TRUE,32,To encourage professionalism in the administration of airports through the acquisition of knowledge,https://upload.wikimedia.org/wikipedia/en/9/93/American_Association_of_Airport_Executives_%28logo%29.jpg
36,1,TRUE,131,"To foster and promote choral singing which will provide artistic, cultural, and spiritual experiences for the participants.",https://www.acda.org/web-resources/images/web-resources/pref-logo.png
37,1,FALSE,59,To promote civil engineering as a professional and as an institute that enhances the quality of life through public servitude and free enterprise.,https://engineering.sjsu.edu/files/public/Org_Images/american_concrete_institute.jpg
38,3,TRUE,136,"The world's largest professional society, principal voice, and information resource devoted to the progress of engineering and science in aviation, space, and defense.",http://static1.squarespace.com/static/52167837e4b0ed9ca2d417c5/t/530ec963e4b0157db5181bc6/1492037489723/?format=1500w
39,2,FALSE,110,"To promote the professional development of its members by exposing them to professional activities such as speakers and tours,",https://engineering.sjsu.edu/files/public/Org_Images/american_institute_of_chemical_engineers.gif
40,0,FALSE,145,"The purpose of ALASC is to foster participation in the American Library Association and use of its publications, scholarships and conferences",http://www.books-not-bombs.com/content/images/schools/sjsu.png
41,0,TRUE,44,To promote Civil Engineering as a profession and as an institute that enhances the quality of life through public service and free enterprise.,http://www.books-not-bombs.com/content/images/schools/sjsu.png
42,2,FALSE,110,"The objectives of the organization are exclusively scientific and educational and include, but are not limited to: (a) the advancement of the sciences of heating, refrigeration and air-conditioning engineering and related sciences;",http://www.books-not-bombs.com/content/images/schools/sjsu.png
43,3,FALSE,95,"To envision, empower, and execute the learning processes of multidisciplinary engineering and science students across the globe, while grooming them to be cutting edge leaders, entrepreneurs, and team players.",http://www.books-not-bombs.com/content/images/schools/sjsu.png
44,0,TRUE,80,"To increase awareness of the water resources industry by way of research, discussion, and education.",http://www.books-not-bombs.com/content/images/schools/sjsu.png
45,3,TRUE,46,"To integrate and expand social, academic, and professional networks for students and those who are interested in the field of Anthropology.",http://www.books-not-bombs.com/content/images/schools/sjsu.png
46,3,TRUE,143,To provide opportunities for San Jose State University students to participate in the sport of archery as well as compete at a collegiate level between other schools and organizations in a responsible and safe manner,https://mir-s3-cdn-cf.behance.net/project_modules/disp/6ec8708233969.5602b336284ce.jpg
47,2,TRUE,147,"To further and support the mission of the Arnold Air Society, and to create an honorary, professional, service organization for AFROTC cadets, which will aid in their development as United States Air Force Officers.",http://www.books-not-bombs.com/content/images/schools/sjsu.png
48,2,FALSE,45,"Caters to both undergraduate and graduate students who are pursuing their degrees in Art, Design and Art History.",http://www.books-not-bombs.com/content/images/schools/sjsu.png
49,0,TRUE,145,"To reach into the university and collegiate community, primarily to those who are Asian Pacific Americans, with the life-changing message of Jesus Christ.",http://www.books-not-bombs.com/content/images/schools/sjsu.png
50,2,TRUE,45,To professional and leadership development of Asians.,http://www.books-not-bombs.com/content/images/schools/sjsu.png
51,0,FALSE,87,"To envision, empower, and execute the learning processes of multidisciplinary engineering with respect to Aerospace Engineering and Technology.",http://www.books-not-bombs.com/content/images/schools/sjsu.png
52,2,TRUE,136,"To envision, empower, and execute the learning processes of multidisciplinary engineering with respect to Automotive Engineering and Technology.",http://www.books-not-bombs.com/content/images/schools/sjsu.png
53,1,TRUE,144,To connecting all nursing students and promote learning through networking and enrichment activities.,http://www.books-not-bombs.com/content/images/schools/sjsu.png
54,0,FALSE,150,"AFE's goal is to promote networking opportunities between professionals and students to stimulate interest in Facilities Engineering via regular meetings, company tours, and other social events.",http://s3.amazonaws.com/ClubExpressClubFiles/244299/graphics/afe_logo_2_2135570402.jpg
55,2,FALSE,37,To develop an appreciation and understanding of the ideals and objectives of the National Chapter of AGC and to promote these ideals and objectives through the organization.,http://www.books-not-bombs.com/content/images/schools/sjsu.png
56,1,TRUE,139,Serve as spokespersons for the Student Body to faculty and staff regarding student concerns,http://www.books-not-bombs.com/content/images/schools/sjsu.png
57,1,FALSE,38,"To personal certification, academic excellence, and professional development for students involved in integrating technology, leadership, and design.",http://www.books-not-bombs.com/content/images/schools/sjsu.png
58,1,TRUE,126,"To promote and practice the open, rational, and scientific examination of the universe and our place in it, and that ethics and morality can be meaningfully based on rational and humanistic ideals and values, promote skeptical inquiry, provide community for atheists, agnostics, humanists, skeptics, naturalists and other freethinkers, organize activities,",http://www.books-not-bombs.com/content/images/schools/sjsu.png
59,0,TRUE,127,A social and competitive group; we provide all SJSU students and staff the opportunity to play recreational as well as competitive badminton.,http://www.books-not-bombs.com/content/images/schools/sjsu.png
60,3,FALSE,83,"To represent SJSU in the Collegiate Dancesport Circuit, bring the joys of both competitive and social ballroom to SJSU students and to help people find the inner dancer that's inside them!",http://www.books-not-bombs.com/content/images/schools/sjsu.png
61,1,FALSE,108," The Banking and Investment Association is an undergraduate organization at San Jose State University, working closely with the faculty and its office members to enhance the undergraduate experience and meet the needs of the student body. Our main goal is to promote activities that benefit the financial community, students, and faculty. In doing so, we are able to develop strong leaders in finance. ",http://www.sjsu.edu/cob/pics/BIA-Logo-Clean-Blue%20copy.png
62,3,FALSE,105,"A period as well as the style that used exaggerated motion and detail to produce drama, tension, exuberance, and grandeur in painting, literature, sculpture, dance, and music.",http://www.books-not-bombs.com/content/images/schools/sjsu.png
63,2,FALSE,92,To expand Be The Match's reach onto the San Jose State Campus,http://www.books-not-bombs.com/content/images/schools/sjsu.png
64,0,TRUE,145,"To increase awareness of accounting, finance, and information system careers; to place an emphasis on the needs of our members and to develop within our members the personal and professional skills needed to enter the workforce and excel in their chosen careers.",http://www.sjsu.edu/cob/pics/betaAlphaPsiLogo.jpg
65,0,FALSE,129,To function as an honor and professional society for students of the biological sciences.,https://www.geneseo.edu/sites/default/files/sites/tribeta/TriBeta%2520logo.gif
66,3,TRUE,75,"To stimulate the ambition of its members, to prepare them for the greatest usefulness in the causes of humanity, freedom and dignity of the individual and to encourage the highest and noblest form of manhood to aid downtrodden humanity in its efforts to achieve higher social, economic and intellectual status.",https://upload.wikimedia.org/wikipedia/en/2/29/Beta_Theta_Pi_seal.png
67,2,FALSE,36,"To support the San Jose State Universities bicycling community through advocacy, bicycle education, bicycle related events, and campus wide promotion.",http://www.books-not-bombs.com/content/images/schools/sjsu.png
68,0,TRUE,58,To provide avenues for involving all SJSU students in activities that increase awareness of nature. 2. The club values the idea of exploration:,http://www.books-not-bombs.com/content/images/schools/sjsu.png
69,0,TRUE,31,The Biology Student Association provides biology majors of all concentrations and biology minors resources and opportunities that will help them reach their career goals.,http://www.books-not-bombs.com/content/images/schools/sjsu.png
70,2,FALSE,65,"The purpose of our chapter is to promote the profession of biomedical engineering through the study, research, and discussion of the fields of biomedical engineering and the dissemination of knowledge thereby gained. Our Mission is to supplement academic knowledge acquired in the classroom with professional, community, and social activities. Our goal is to provide benefits and value to the University Student body and the College of Engineering students, as well as our BMES members and the community at large. Visit SJSUBMES.org for more information.",http://static1.squarespace.com/static/545c1b5de4b0a64725b87f0e/t/54d072e4e4b03b10d0daf90a/1489556905036/
71,2,FALSE,114,"To increase the number of culturally responsible Black Engineers and Scientists who excel academically, succeed professionally, and positively impact the community.",http://www.books-not-bombs.com/content/images/schools/sjsu.png
72,2,FALSE,85,Focuses on the spiritual well being of its members and the entire San Jose State University community.,http://www.books-not-bombs.com/content/images/schools/sjsu.png
73,0,FALSE,56,"To increase, encourage, and support the inclusion and educational success of participants through academic, professional and social experiences that encourage personal ambitions and development and create a sense of brotherhood.",http://www.books-not-bombs.com/content/images/schools/sjsu.png
74,3,TRUE,118,Unite up to 13 student from various colleges across the San Jose State University campus.,http://www.books-not-bombs.com/content/images/schools/sjsu.png
75,2,FALSE,141,"To unite, educate, and enrich students of color on SJSU campus and within the community about our sacred prestigious history and culture.",http://www.books-not-bombs.com/content/images/schools/sjsu.png
76,3,FALSE,125,"To promote the profession of biomedical engineering through the organized effort of this group in study, research, and discussion of the fields of biomedical engineering and the dissemination of knowledge thereby gained.",http://www.books-not-bombs.com/content/images/schools/sjsu.png
77,0,FALSE,36,"To create a bowling team that would allow San Jose State University students, who share a passion for bowling, to compete in nationwide competition.",http://www.books-not-bombs.com/content/images/schools/sjsu.png
78,3,TRUE,120,To empower and connect a network of conscious and diverse leaders.,http://www.books-not-bombs.com/content/images/schools/sjsu.png
79,0,TRUE,129,"To learn, practice, and compete in Brazilian Jiu jitsu.",http://www.books-not-bombs.com/content/images/schools/sjsu.png
80,3,TRUE,148,Focuses on the widespread knowledge for hip hop culture specializing in the area of breakdancing to others within the community.,http://www.books-not-bombs.com/content/images/schools/sjsu.png
81,2,TRUE,115,N/A,http://www.books-not-bombs.com/content/images/schools/sjsu.png
82,1,TRUE,81,"A student organization which seeks to help international students through service activities, social networking, and spiritual resources.",http://www.books-not-bombs.com/content/images/schools/sjsu.png
83,0,FALSE,146,"To provide a multidisciplinary space for new media artists and students, by establishing a community and creating experience where students discuss interests, needs, new ideas, new trends, and common interests.",http://www.books-not-bombs.com/content/images/schools/sjsu.png
84,3,TRUE,34,To nursing education and high quality health care. To provide programs representative of current professional interests and concerns.,http://www.books-not-bombs.com/content/images/schools/sjsu.png
85,0,TRUE,55,To unite its members in sincere friendship. To perform service to the community. To work with local girl scouts to inspire them to be leaders in academics and in their community,http://www.books-not-bombs.com/content/images/schools/sjsu.png
86,0,FALSE,139,N/A,http://www.books-not-bombs.com/content/images/schools/sjsu.png
87,0,TRUE,106,N/A,http://www.books-not-bombs.com/content/images/schools/sjsu.png
88,1,FALSE,101,To represent the student residents of CVC on all matters concerning the CVC housing community,http://www.books-not-bombs.com/content/images/schools/sjsu.png
89,3,TRUE,120,Choose to view the world influenced by the teaching and life of Jesus and other spiritual teachers.,http://www.books-not-bombs.com/content/images/schools/sjsu.png
90,0,FALSE,72,A theater production company of individual students that enable collaboration and performances in the San Jose State artistic community.,http://www.books-not-bombs.com/content/images/schools/sjsu.png
91,3,FALSE,74,To encourage the ceramic arts through education and personal practice.,http://www.books-not-bombs.com/content/images/schools/sjsu.png
92,2,TRUE,118,"To the purpose of maintaining and promoting the status of civil engineering as an ideal profession, Chi Epsilon was organized to recognize the characteristics of the individual civil engineer deemed to be fundamental to the successful pursuit of an engineering career, and to aid in the development of those characteristics in the civil engineering student.",http://cee.engr.ucdavis.edu/xe/files/2015/09/chiepsilonlogo.png
93,2,TRUE,116,"To develop a common bond of brotherhood, and to further our educational, professional and social growth.",http://www.chipisigma.org/images/index_r1_c2.gif
94,3,FALSE,126,To have a memorable ceremony where their cultura and their accomplishments are celebrated in a unique way.,http://www.books-not-bombs.com/content/images/schools/sjsu.png
95,0,FALSE,90,"To provide the department's students with an opportunity to volunteer, be socially aware of each other, build lasting/future relationships and plan the department's graduation ceremony.",http://www.books-not-bombs.com/content/images/schools/sjsu.png
96,1,TRUE,36,Use SJSU as a platform to share gospel to Non-Christian. 2.Create an opportunity for college Christian to serve in a SJSU registered organization.,http://www.books-not-bombs.com/content/images/schools/sjsu.png
97,0,FALSE,88,"To provide a communication network and platform to share God's Love and Care for Chinese students in Bay Area, California, USA.",http://www.books-not-bombs.com/content/images/schools/sjsu.png
98,2,FALSE,142,"Create a Chinese Student Community, provide some basic helps, and help them to get into local culture.",http://www.books-not-bombs.com/content/images/schools/sjsu.png
99,0,TRUE,44,To promote choral activities at San Jose State University by encouraging choral singing and its artistic and multicultural and community benefits.,http://www.books-not-bombs.com/content/images/schools/sjsu.png
100,0,TRUE,106,Christians on Campus are believers in Christ from various backgrounds. We love the Lord Jesus Christ and endeavor to give Him the first place in all things (Col. 1:18). Our desire is to cooperate with Him for the accomplishment of God's eternal purpose (Eph. 3:11) by ministering the unsearchable riches of Christ (Eph. 3:8) for the building up of the Body of Christ (Eph. 4:12).,http://www.books-not-bombs.com/content/images/schools/sjsu.png
101,0,TRUE,107,"Circle K International is the largest collegiate community service, leadership development, and friendship organization in the world. Circle K clubs are organized and sponsored by a Kiwanis club on a college or university campus. It is a self-governing organization and elects its own officers, conducts its own meetings, and determines its own service activities. This high degree of autonomy allows for a unique service experience driven entirely by the members for the members. Circle K blends community service and leadership training with the opportunity to meet many other college students at service projects, conferences, and conventions and form genuine lifelong friendships with people of all walks of life. Ultimately, Circle K encompasses a defining and meaningful opportunity during one's collegiate career.",http://www.books-not-bombs.com/content/images/schools/sjsu.png
102,0,FALSE,36,N/A,http://www.books-not-bombs.com/content/images/schools/sjsu.png
103,2,TRUE,41,"We, Cleaner San Jose, also known as CSJ, believes in a cleaner community is a stronger community. Therefore, CSJ vision and purpose shall be to provide its members with increased knowledge of current social issue in the City of San Jose. Our mission is to build awareness in addition to perform community related service for a better San Jose.",http://www.books-not-bombs.com/content/images/schools/sjsu.png
104,1,FALSE,130,"The main object of the Spartan Climbing club is to introduce aspects of mountaineering to the students and faculty of SJSU. Creating a community for all amateur and veterans alike. Planning events for outdoor climbing, camping and adventure!",http://www.books-not-bombs.com/content/images/schools/sjsu.png
105,1,FALSE,76,The Club Tennis Team is an organization through SJSU's Club Sports program who play both casually and competitively among ourselves and soon at the intercollegiate level.,http://www.books-not-bombs.com/content/images/schools/sjsu.png
106,3,FALSE,63,"The club is designed to serve as a base for students to meet people who share the same interest in volleyball, both within SJSU and throughout California. This club also brings students together to form a team and family that creates a fun and competitive atmosphere for those involved.",http://www.books-not-bombs.com/content/images/schools/sjsu.png
107,1,TRUE,110,"The purpose of Coaching Corps is to promote students to become an influential role model for disadvantaged youth through sports. The power of a coach is like a mentor and motivator to encourage kids to get involved with sports while providing them with a healthy life. Coaching Corps is an organization on campus that strives to positively affect the lives of as many local, under-served youth as possible. Please join us in our mission to close the sports gap in the heart of Silicon Valley.",http://www.books-not-bombs.com/content/images/schools/sjsu.png
108,1,TRUE,144,"Colony of Alpha Omega Epsilon at San Jose State University is a club focus in promote friendship, leadership, and professionalism to all members of the organization. The club has a purpose of supporting women that are engineering and science majors. ",http://alphaomegaepsilon.org/images/logo.png
109,2,FALSE,56,"Our mission is to promote professional experience and training in the use of new media and social media in service to the Department of Communication Studies and its students, alumni and faculty. ",http://www.books-not-bombs.com/content/images/schools/sjsu.png
110,2,FALSE,36,"This organization was created to become a competitive dance team that is primarily jazz-based. Members will create a positive representation of San Jose State University in the competitive dance world, gain choreographic and technical skills, understanding of what it means to be a positive and respectful team member, achieve networking opportunities, and a sense of community thru the competitive dance world as well as within the organization itself.",http://www.books-not-bombs.com/content/images/schools/sjsu.png
111,1,FALSE,134,"The Computer Graphics Club will impose the following three goals in creation as its purpose: To expand awareness of and presence of computer graphics technology on campus. To unite and spark collaboration between the design, digital art, engineering, and science departments. To connect students to the companies, software, and events, and technology of the computer graphics industry. ",https://spark.adobe.com/page/zzjJ6/embed.jpg?buster=1478215533341
112,3,FALSE,141,"Civil engineering students from universities around the country participate in what is known as the Concrete Canoe competition. This competition, hosted and directed by the American Society of Civil Engineers (ASCE), gives students a chance to demonstrate their engineeirng, athletic and artistic skills on a regional and national level. Teams must design and build their own canoe out of concrete and race it against other schools in their respected regions. The two top two schools from each region compete at the national level at a specified date and location. Teams are graded based on racing performance, presentation, design paper and final product. Each is worth 25% of the final score. This competition allows engineering students to use their knowledge to create a tangible piece of engineering. The concrete canoe competition is one of the most rewarding experiences engineers can participate in.",http://www.books-not-bombs.com/content/images/schools/sjsu.png
113,0,FALSE,126,"We, the members of COOP, promote a just, verdant and peaceful environment for all. We seek to provide students in all disciplines a real world opportunity to address social problems in our community by collaborating with various, state, county, local associations, and organizations. By doing so, we promote educational, social, and cultural opportunities to students and to society as a whole. We are to participate in the University Community, and discharge authority vested in the Association by the State of California and the President of the University, do hereby declare that equal opportunities shall be afforded to all students without regard to race, religion, creed, gender, sexual or affectional preference, age, ethnic origin, nationality, physical disability, or any other basis protected by law.",http://www.books-not-bombs.com/content/images/schools/sjsu.png
114,1,FALSE,51,"This organization was formed to further enhance the knowledge and affects of tobacco use on college campuses, specifically San Jose State University, continue the efforts to strengthen the current smoking policy at San Jose State University and raise awareness on the issues related to tobacco use on personal, community, and environmental health. This organization will also help those students interested in seeking cessation assistance on campus.",http://www.books-not-bombs.com/content/images/schools/sjsu.png
115,0,FALSE,140,"The purpose of this club shall be to create an inclusive community for students studying in the Counselor Education department of the Connie L. Lurie College of Education by providing networking opportunities, practical experiences, and a space to voice opinions",http://www.books-not-bombs.com/content/images/schools/sjsu.png
116,1,TRUE,83,"Our purpose is to build a movement of people who are transformed by Jesus Christ. To be a movement that seeks to introduce students to Jesus Christ, help them to grow in their faith, encourage them to live life passionately under the lordship of Christ, and inspire commitment to advancing the purposes of God in the world. We seek to answer the big questions in life and enjoy community with one another.",http://www.books-not-bombs.com/content/images/schools/sjsu.png
117,2,FALSE,106, Our group is devoted to students who are seeking to get involved on campus and create an impact that will ripple throughout the generations to come. We want to provide means to accommodate students in their spiritual walk as well as their educational goals throughout their time here at San Jose State! This is done through mentor programs as well as faith building events and activities that include weekly bible discussions as well as other activities.,http://www.books-not-bombs.com/content/images/schools/sjsu.png
118,1,TRUE,83,The main purpose of this organization is to facilitate the involvement of aerospace engineering students in American Institute of Aeronautics and Astronautics (AIAA) Design Build Fly (DBF) competition in April 2017. The club members are designing and manufacturing the entire UAV (Unmanned Aerial Vehicle) to compete against other universities at international level.,http://www.books-not-bombs.com/content/images/schools/sjsu.png
119,1,FALSE,122,The main purpose of this organization is to facilitate the involvement of aerospace engineering students in American Institute of Aeronautics and Astronautics (AIAA) Design Build Fly (DBF) competition in April 2017. The club members are designing and manufacturing the entire UAV (Unmanned Aerial Vehicle) to compete against other universities at international level.,http://www.books-not-bombs.com/content/images/schools/sjsu.png
120,0,FALSE,35,"Delta Gamma offers to women of all ages a rich heritage based on principles of personal integrity, personal responsibility and intellectual honesty. Its primary purpose is to foster high ideals of friendship, promote educational and cultural interests, create a true sense of social responsibility, and develop the finest qualities of character.",http://sjsu.deltagamma.org/r/images/dg-logo.png
121,3,TRUE,77,The purpose of Delta Sigma Phi Fraternity Gamma Epsilon Chapter shall be to challenge each man to a greater good and to be a better man. All Chapter activities and operations shall support member's pursuit of this purpose.,https://upload.wikimedia.org/wikipedia/en/3/30/Delta_Sigma_Phi_Crest.jpg
122,1,FALSE,79,"Delta Sigma Pi is a professional fraternity organized to foster the study of business in universities; to encourage scholarship, social activity and the association of students for their mutual advancement by research and practice; to promote closer affiliation between the commercial world and students of commerce, and to further a higher standard of commercial ethics and culture and the civic and commercial welfare of the community.",http://static1.squarespace.com/static/55c2471ae4b0e7dd1ba33999/t/55c252afe4b054cede20b725/1492124758840/?format=1500w
123,0,TRUE,75," Sorority Summary/Information: Delta Sigma Theta Sorority, Inc. was founded January 13, 1913 at Howard University by 22 industrious college women. Eta Omega Chapter was Chartered in November of 1970 at San Jos State University by four women: Cheryl Dunlap, Jocelyn Larrimore, Virginia Roberts, and Veronica Tyler. Since its chartering, Eta Omega has emphasized Delta principles of sisterhood and public service. We have dedicated ourselves in projects such as: May Week, Canned Food Drive Drives, Breast Cancer and Aids awareness walks, Annual Soul Food Social and much more. We also assist the San Jose Alumnae Chapter in many of their service projects. Chapter History: A wide range of programs addressing health, education, international involvement, and the strengthening of the African American family have emerged and evolved over the years. In realizing its mission, Delta Sigma Theta provides an extensive array of public service through its Five-Point Program Thrust of: Physical and Mental Health, Educational Development, Economic Development, International Awareness and Involvement, and Political Awareness and Involvement. Message from the President: Greetings, As President of Delta Sigma Theta Sorority, Inc. Eta Omega Chapter at SJSU I would like to welcome you to Greek Life and the brief insight of DST's Eta Omega Chapter here at SJSU. Our mission at SJSU, and in the community, is to reach out and continue the legacy that our Sororities founders set forth for us. In every event and program we bring forth, we focus on our Sororities Five-Point Thrust: Economic Development Educational Development International Awareness and Involvement Physical and Mental Health Political Awareness and Involvement. We look forward to see and hopefully working with you all this academic school year. Lula Berhe President of Delta Sigma Theta Sorority, Inc. Eta Omega Chapter Annual Events: May Week-the 1st or 2nd week of May Soul Food Social-February Greek Myths-September AIDS Walk-SJ and SF Breast Cancer Walk-SJ Canned Food Drive-November Christmas in the Park-December Walk for Water with Alumni Chapter-May Girl Talk-April ",http://www.sjsu.edu/getinvolved/pics/Delta%20Sigma%20Theta%20flag.jpg
124,0,FALSE,92,"Delta Upsilon is the premier men's fraternity committed to Building Better Men for a global society through service, leadership development, and lifelong personal growth of our diverse membership.",http://www.sjsu.edu/getinvolved/pics/Delta%20Upsilon%20flag.png
125,3,FALSE,131,"The purpose of this sorority shall be to unite its members in the bonds of sincere and lasting friendship, to stimulate one another in the pursuit of knowledge, to promote the moral and social culture of its members, and to develop plans for guidance and unity in action; objects worthy of the highest aim and purpose of associated effort.",https://s-media-cache-ak0.pinimg.com/736x/87/ec/33/87ec335bee848d30d496f69df2a24999.jpg
126,0,TRUE,72,"The Desert Dwellers club is composed of people who have an affinity for the desert's inherent beauty and serenity. The club will focus on how to design, build and create a sustainable lifestyle and community within the desert. Using models, research and experimenting; the club will determine the best and most resourceful way to thrive in the inhospitable environment that is the high desert. ",http://www.books-not-bombs.com/content/images/schools/sjsu.png
127,3,TRUE,62,"San Jose State University is a highly diverse school bringing students from all economic and cultural backgrounds into the workforce in one of the most profitable, innovative and progressive areas in the country. As the world is becoming increasingly connected and collaborative, we must give as many students the chance to learn and grow their own voice as well as the tools to bring their own visions into reality. Facing the increasingly complex problems of our time, Human Centered Design offers a direct route to solutions that affect real change and solve important issues. We aim to educate, research, and apply our collective knowledge to propel change in our local communities.",http://www.books-not-bombs.com/content/images/schools/sjsu.png
128,1,FALSE,142,"The purpose of this club is to provide resources to the B.A Design Studies majors, concentrating in Graphic Design, Interior Design, Industrial Design, and Animation/Illustration. We want to connect these students to internship/job opportunities, conduct and facilitate career workshops, encourage cross-collaboration in skill sets, and build a network for students and alumni. This is a safe and nonjudgmental environment where B.A Design Studies majors can feel appreciated and assisted. ",http://www.books-not-bombs.com/content/images/schools/sjsu.png
129,1,TRUE,42,"We are a faith-based community where students can come and investigate who God is, who Jesus is, and answer some of life's big questions. We do all of this through the Latino community and culture.",http://www.books-not-bombs.com/content/images/schools/sjsu.png
130,0,FALSE,112,"The Dirty Brushes is a club created by the students of San Jose State University's pictorial art area. The group's mission is to foster professional and creative growth, collaborate with cultural organizations on campus, and engage in community mural work. The students volunteer to serve the needs of local galleries, museums and art programs to strengthen bonds between the city of San Jose and the University.",https://pbs.twimg.com/profile_images/3733879424/39f6b44bc9558831f4cf51ba8a78879a_400x400.jpeg
131,2,FALSE,114,The Economics Club at San Jose State University is an extension of the SJSU Economics Department. Our aim is to help students reinforce the skills they learn in the classroom in order to help them succeed in a professional setting. The club will also work with local professionals and organizations to provide networking and practical services to help prepare our members for a job in the career they want. ,https://pbs.twimg.com/profile_images/1121070904/Econ_Logo_copy_400x400.jpg
132,1,TRUE,137," El Espartano Noticias is committed in informing the Spanish-speaking community at San Jose State University by covering the latest news. The news organization provides extensive coverage including articles and videos about social justice issues, technology, health, and sports all completely in Spanish. Stay well informed with our team! ",http://www.books-not-bombs.com/content/images/schools/sjsu.png
133,1,FALSE,41,Break down cultural barriers and stigma having to do with being part of LGBT community while maintaining a dual identity. ,http://www.books-not-bombs.com/content/images/schools/sjsu.png
134,0,FALSE,125,"The purpose of this organization is to conduct research, development, and implementation of solar energy methods. Specifically to develop solar thermal water heating.",http://www.books-not-bombs.com/content/images/schools/sjsu.png
135,2,FALSE,134,"The purpose of EWB-SJSU shall reflect and support the values and mission of Engineers Without Borders-USA: to partner with disadvantaged communities to improve their quality of life through implementation of environmentally sound and economically sustainable engineering projects, while developing internationally responsible engineering students. ",http://www.books-not-bombs.com/content/images/schools/sjsu.png
136,0,TRUE,34,"The ERC is a student run organization, connected to the department of Environmental Studies and funded by Associated Student and Transportation Solutions. The ERC has developed sustainability programs on the San Jose State University Campus.",http://www.books-not-bombs.com/content/images/schools/sjsu.png
137,0,FALSE,61,N/A,http://www.books-not-bombs.com/content/images/schools/sjsu.png
138,1,TRUE,56,We recognize electrical and computer engineering students by providing opportunities for passionate students to apply their skills. ,http://www.books-not-bombs.com/content/images/schools/sjsu.png
139,0,FALSE,65,Film Production Society strives to provide opportunities for San Jose State students to learn from and interact with those in the film community by having workshops and official FPS student run productions two to three times a year.,http://www.books-not-bombs.com/content/images/schools/sjsu.png
140,3,FALSE,149,"The purpose of this organization shall be: 1. Assist in the professional, educational, and social development of college students interested in finance, accounting, banking and investments. 2. Provide an association for college students actively interested in these fields. 3. Encourage interaction and a close affiliation among business executives, the finance community, faculty, and students of business and finance. 4. To further high standards of professional ethics and education in the field of finance. Mission Statement: The Financial Management Association of San Jose State University provides its members with increased knowledge of business finance through professional development opportunities and by acting as an interface between business students and finance executives within the Silicon Valley. Vision Statement: The Financial Management Association of San Jose State University aims to maintain our status as a Superior Chapter of the FMA International Organization. ",http://www.sjsu.edu/cob/pics/FMA%20Logo%2015.jpg
141,0,TRUE,41," The purpose of Food Journalism is to embrace the food and restaurants in the Bay Area to gain a greater appreciation for culture and to understand how food coincides with culture. Food is an experience that brings people together and after each outing, we will be writing a critique and review of the restaurant to be shared with San Jos State students. Our purpose in doing so is to collectively offer students suggestions for good food and restaurants in the area. We will also be promoting healthy food alternatives and will strive to bring students better access to healthier, more affordable eating. ",http://www.books-not-bombs.com/content/images/schools/sjsu.png
142,0,FALSE,87,"For the purpose of providing a forum for forensic science students to exchange information on course work, scholarships and to promote mentoring. We also facilitate contacts within the forensic science community in order to provide internships, guest speakers and future job opportunities.",http://www.books-not-bombs.com/content/images/schools/sjsu.png
143,1,FALSE,142,To provide assistance to students. ,http://www.books-not-bombs.com/content/images/schools/sjsu.png
144,3,TRUE,93,"As we take the 4 Corners Christian Fellowship of a square inwards and bring them together, it takes on a new shape. The mission of 4 Corners Christian Fellowship is to bring together students from the corners of the world to increase our understanding of the Christian faith and increase our engagement with the world as future leaders. We believe that this mission works alongside the University's strategic plan and commitment to serve as fertile ground for a diverse and well-informed citizenry in the 21st century. It is the goal of 4 Corners Christian Fellowship to insure that its members develop a rich intellectual and philosophical basis for the Christian faith, resulting in a deeper appreciation of their own culture as well as that of others. It is our hope that our member's experience in 4 Corners Christian Fellowship will provide them with the basis for fairness and open-mindedness beyond their university years that will create synergies that will impact our global community with compassion and selfless service. It is our vision to see students go on to become the future leaders in their own corner of the world.",http://www.books-not-bombs.com/content/images/schools/sjsu.png
145,2,FALSE,63,"The Game Development Club was created with the sole purpose of creating an environment for people to come together to learn how to develop games, meet others who enjoy developing games, and also play games for the purpose of researching ways to improve their own games. We provide many forms of inspiration and motivation for people to begin learning about game development regardless of if they had prior experience making games or not. 1. Set up competitions that create opportunities for people of different disciplines to come together and begin creating games. 2. Reach out to industry professionals that explain and elaborate on their experiences making games and also teach fundamental game making ideas. 3. Host events that help students network with their peers and professionals in the industry for the purpose of helping them form game making projects outside the club and get connected with jobs in the game industry. 4. Explore the art of game making and push video games as a form of Art.",http://www.books-not-bombs.com/content/images/schools/sjsu.png
146,3,TRUE,56,To create unity among all Latin@ organizations on campus. 2. To work together by having events that displays our culture and creates cultural awareness. 3. To provide opportunities for networking. 4. To establish a Familia on campus by supporting each other.,http://www.books-not-bombs.com/content/images/schools/sjsu.png
147,3,FALSE,111,The purpose of the Geography Club is to bring both faculty and students together to learn and explore further about the field of Geography. It is our goal to learn and explore through our numerous club meetings and club outings to museums and conferences. Through these actions we hope to create a welcoming and inclusive group that truly represents the ideals of the SJSU community. ,http://www.books-not-bombs.com/content/images/schools/sjsu.png
148,0,FALSE,123,The purpose of this club is to provide networking and educational opportunities and develop a community for students interested in the geosciences.,http://www.books-not-bombs.com/content/images/schools/sjsu.png
149,1,TRUE,116,"I.D.E.A.S. at San Jose State University was formed to bring together students from different majors and backgrounds to share and collaborate on innovative ideas. Our goals are to use student’s knowledge of skills sets, interests and passion to create projects then design these projects. We use professional networking, technology, creativity, science and the tools necessary to get ideas going. We believe that there are two crucial factors in any successful idea – a well-connected team AND the required resources. Here in Silicon Valley, I.D.E.A.S. builds your dreams. ",http://www.sjsu.edu/cob/pics/ideas_logo_web.jpg
150,2,TRUE,45," Kappa Sigma's main objective is based on building a better man, while encouraging him to participate in as many other campus organizations that he may choose. More specifically, Kappa Sigma looks to provide the opportunity for the male student to enhance his fellowship circle, leadership skills, scholastic involvement, and service contribution to the local community.",https://upload.wikimedia.org/wikipedia/en/9/90/Official_Kappa_Sigma_Fraternity_Crest_2.png
151,3,FALSE,99,"The Latino Business Student Association, LBSA, is a College of Business student organization at San Jose State University that empowers its members through professional development. LBSA strives in professional and leadership development through workshops, events, strategic networking, and by building strong relationships among students, Lucas College of Business organizations, and corporate networks. Our dedicated members have a competitive edge because of the leadership opportunities and resources LBSA provides. We thrive on providing corporate networking opportunities, events on career advancement, and a diverse and fun-loving team. Our mission is to develop the next generation of Latino professionals.",http://www.sjsu.edu/cob/pics/NEW-LBSA-logo.png
152,3,FALSE,99,"The Marketing Association at San Jose State University exposes students of all majors to the exciting and ever changing world of marketing. By providing networking opportunities with industry leading professionals and colleagues, professional and personal development workshops, potential leadership involvement and community service initiatives, we aim to shape the next generation of business leaders.",http://sjsumarketing.org/wp-content/uploads/2016/01/MA-Final-Logo.png
153,2,FALSE,79,"The mission of the SJSU Management Information Systems Association is to provide a professional atmosphere for Business/MIS students to receive support from advisors, faculty and leaders, obtain academic and career advice, meet industry professionals, and network with peers in the IS field. ",http://www.sjsu.edu/cob/pics/MIS%20Logo2014.png
154,1,TRUE,116,"The purpose of our club is to encourage students to socialize and connect through Pokemon, host tournaments and various social events.",https://yt3.ggpht.com/-eglr_n_5A0M/AAAAAAAAAAI/AAAAAAAAAAA/tbY_khXjCYo/s900-c-k-no-mo-rj-c0xffffff/photo.jpg
155,1,FALSE,75,"The mission of Sigma Alpha Epsilon is to promote the highest standards of friendship, scholarship, and service for our members based upon the ideals set forth by our Founders and as specifically enunciated in ""The True Gentleman.""",http://www.sjsu.edu/getinvolved/pics/Sigma%20Alpha%20Epsilon%20flag.jpg
156,1,FALSE,128,"The purpose of the fraternity is to cultivate and maintain the high ideals of friendship, justice, and learning upon which Sigma Chi was founded. ",https://upload.wikimedia.org/wikipedia/en/thumb/4/47/Sigma_Chi_Crest.png/200px-Sigma_Chi_Crest.png
157,0,TRUE,108,"To develop ethical leaders inspired by the tenants of Love, Honor and Truth. To foster the development of each man's mind, heart and character. To perpetuate lifelong friendship and commitment to the fraternity ",https://pbs.twimg.com/profile_images/681396291243393024/fYgPABjV.jpg
158,0,TRUE,70,"Spartan Club Baseball's main purpose is to provide a secondary source of baseball for players who do not have the opportunity to play for our NCAA team on campus, but still have the interest and urge to compete at an intercollegiate club level.",http://www.books-not-bombs.com/content/images/schools/sjsu.png
159,2,FALSE,61," We at Theta Chi strive to mold young college men into responsible, confident adults who are motivated, well-educated, and who possess leadership skills to become successful in all our endeavors. We do this through extracurricular activities such as community service and social events with other Greeks at our house. We also give our members the opportunity to take leadership roles within our fraternity to learn organization, self-confidence, and time management skills that are essential to have in life. ",http://www.books-not-bombs.com/content/images/schools/sjsu.png
160,3,FALSE,87,NA,http://www.sjsu.edu/cob/pics/women%20in%20business%20logo.png
